null,17238,
fab,9981,
vin,6507,
peintr,4191,
avocat,4043,
épici,3723,
médecin,3286,
cour,2999,
tailleur,2840,
propr,2628,
royal,2532,
fabr,2422,
prop,2336,
chef,2225,
gros,2154,
menuisi,2017,
bois,1910,
serruri,1824,
bijouti,1707,
horlog,1547,
architect,1505,
h,1460,
nouveaut,1420,
bouch,1366,
st,1343,
boulang,1314,
anc,1299,
commiss,1234,
lettr,1222,
déput,1165,
meubl,1151,
limonadi,1128,
papi,1127,
graveur,1114,
artist,1087,
mercer,1075,
linger,1067,
peint,1034,
agent,1003,
coiffeur,976,
librair,974,
conseil,948,
hôtel,925,
direct,916,
commission,913,
ében,911,
tapissi,904,
pharmacien,884,
cuivr,881,
mod,871,
doreur,867,
or,866,
métal,855,
botti,847,
mécanicien,839,
bronz,831,
avou,829,
bureau,808,
vitri,808,
cordonni,779,
bijout,768,
tourneur,767,
maçon,766,
garn,746,
neg,729,
voitur,711,
medecin,705,
tabac,698,
ancien,687,
homm,679,
général,677,
lain,668,
merci,664,
couleur,655,
notair,654,
broder,646,
fleurist,639,
profess,632,
professeur,630,
taill,628,
prof,623,
drap,620,
pâtissi,615,
',614,
sous,601,
douc,581,
musiqu,575,
bât,570,
toil,564,
herbor,563,
chapeli,562,
layeti,560,
paraplui,560,
directeur,559,
dor,552,
négoci,538,
banqui,535,
comm,535,
tableti,526,
papeti,519,
châl,516,
grav,516,
bonneti,506,
instanc,506,
chapeau,501,
charcuti,501,
pianos,501,
art,500,
huissi,500,
teinturi,500,
relieur,497,
femm,490,
paris,487,
epici,486,
ferblanti,484,
corroyeur,481,
fondeur,479,
sag,477,
ehg,466,
franc,464,
fer,459,
passementi,459,
etc,458,
fleur,457,
selli,457,
commerc,455,
corset,453,
maison,452,
dessin,451,
—,445,
bijoux,434,
d'état,429,
roi,421,
cabinet,418,
restaur,416,
lampist,414,
orfevr,414,
porcelain,413,
financ,407,
journal,406,
grand,404,
distill,402,
sculpteur,400,
courti,395,
imprim,394,
quincailli,394,
marbri,393,
négoc,391,
d'affair,390,
bonneter,388,
minister,387,
march,375,
1re,374,
charbon,372,
inspect,371,
pensionnat,371,
lectur,368,
soier,368,
charron,366,
cuir,365,
dentel,364,
ruban,364,
l'institut,362,
dentist,361,
elg,356,
bouton,355,
maîtr,355,
carrossi,350,
con,350,
tonneli,348,
med,347,
liqueur,345,
compt,341,
coton,341,
fabric,340,
gen,339,
fin,335,
hbrair,333,
chaudronni,332,
bain,327,
jug,327,
dépôt,326,
eau,324,
chang,320,
institu,320,
commissionnair,318,
dégraisseur,317,
fil,317,
r,316,
roy,315,
gant,314,
terr,313,
verr,313,
imprimeur,310,
cristal,306,
couteli,305,
chauss,304,
membr,303,
traiteur,303,
colonel,301,
societ,301,
col,300,
tourn,299,
faub,298,
peign,297,
quincailler,297,
bâtim,295,
pont,295,
auteur,292,
opticien,290,
recev,285,
gard,284,
couturi,282,
joailli,277,
polic,277,
casquet,276,
priseur,275,
a,274,
confiseur,274,
civil,272,
maréchal,272,
colleg,270,
mécan,269,
nouv,268,
graineti,266,
serrur,266,
loueur,265,
poëli,265,
brossi,263,
ct,263,
facteur,263,
fumist,261,
dam,260,
entrep,260,
marin,259,
#,256,
major,255,
menuis,254,
parfumeur,253,
estamp,251,
el,249,
articl,248,
pass,248,
cab,247,
lou,247,
pap,247,
d'un,245,
éditeur,245,
langu,245,
ci,243,
mar,243,
miroiti,240,
sein,240,
tissus,239,
vi,239,
merc,237,
e,236,
camp,234,
jouet,234,
cartonnag,233,
emploi,233,
paill,233,
chimiqu,232,
premi,232,
produit,232,
lamp,228,
bretel,227,
fact,227,
militair,227,
post,226,
trait,226,
rent,225,
tribunal,225,
étoff,223,
guerr,223,
lithograph,223,
teint,223,
cassat,222,
ferbl,222,
institutric,222,
plombi,222,
curios,221,
requêt,221,
tableau,221,
d'or,220,
épicer,217,
entrepr,216,
impr,216,
ger,215,
charpenti,214,
chocolat,211,
pension,211,
pierr,211,
bur,210,
nécessair,207,
publiqu,207,
ste,207,
receveur,206,
fabriqu,205,
d'etat,204,
jardini,203,
toiseur,203,
beurr,201,
maitr,201,
min,201,
vern,201,
cann,200,
cheval,200,
huil,197,
ciseleur,196,
caiss,195,
ingénieur,195,
roulag,193,
trib,193,
ganti,192,
dan,191,
chais,190,
peau,190,
timbr,190,
statuair,188,
couvreur,187,
pendul,187,
piano,187,
voit,187,
cart,185,
mont,185,
carton,184,
d'histoir,184,
capitain,183,
petit,183,
propriet,183,
bij,182,
brûl,181,
cadr,181,
cordon,180,
justic,180,
vérif,180,
martin,179,
instituteur,178,
l'ecol,178,
secrétair,178,
greffi,177,
re,177,
honor,175,
pal,175,
chirurgien,174,
vanni,174,
inspecteur,173,
poti,173,
entrepreneur,172,
inst,172,
vill,172,
gaz,171,
€,170,
commissair,170,
décor,169,
l'écol,169,
aci,168,
auditeur,168,
contr,168,
sciag,168,
banqu,167,
faïenc,166,
magasin,165,
bross,164,
chaussur,163,
quincaill,163,
jardin,162,
pres,162,
bâtimen,160,
genr,160,
ingen,160,
4,159,
avoc,159,
ri,159,
secret,159,
droguist,158,
d'assur,157,
servic,157,
boul,156,
arrond,155,
brod,155,
cir,155,
plusieur,154,
!,153,
caissi,153,
mérinos,153,
coll,152,
contrib,152,
plum,152,
retrait,152,
tous,152,
offici,151,
argent,150,
entrepren,150,
fourreur,150,
bours,149,
apprèteur,148,
champ,148,
com,148,
cordonmi,148,
dégraiss,148,
édit,148,
honorair,148,
tull,148,
bateau,147,
ferrailleur,147,
grain,147,
l'intérieur,147,
port,147,
conserv,146,
minist,146,
plaqu,146,
chirurg,145,
billard,144,
in,144,
deput,143,
tapis,143,
vitr,143,
bouteil,142,
chambr,142,
f,142,
fantais,142,
lieut,142,
estampeur,141,
sel,141,
*,139,
£,138,
beau,138,
plac,138,
clig,137,
blond,136,
cartonni,134,
domain,134,
fauteuil,134,
dé,133,
liter,133,
perl,133,
?,132,
d'instru,132,
horloger,132,
livr,132,
anglais,131,
fontaini,131,
littérair,131,
paix,131,
passementer,130,
français,129,
nve,129,
tion,129,
chass,128,
crépin,128,
gourmet,128,
lab,128,
lapidair,128,
scienc,128,
comestibl,127,
limonad,127,
public,127,
couvertur,126,
bouchon,125,
chäle,125,
droit,125,
faïenci,125,
mil,125,
préfectur,125,
sant,125,
chandel,124,
mid,124,
expert,123,
prem,123,
épic,122,
g,122,
mair,122,
taillandi,122,
b,121,
cordi,121,
émailleur,121,
perruqui,121,
fruit,120,
graini,120,
portefeuill,120,
bandag,119,
lieuten,119,
planch,119,
imp,117,
rob,117,
archit,116,
cirag,116,
garnisseur,116,
%,115,
1,115,
divis,115,
pol,115,
tanneur,115,
vu,115,
chapel,114,
d'étain,114,
dir,114,
ferr,114,
caf,113,
l'hôtel,113,
lunet,113,
maçonner,113,
ment,113,
peaussi,113,
bon,112,
fourn,112,
monteur,112,
pât,112,
vent,112,
eben,111,
harnacheur,111,
pharm,111,
poèli,111,
templ,111,
vic,111,
assur,110,
changeur,110,
paveur,110,
bas,109,
cheveux,109,
deux,109,
vérificat,109,
bott,108,
contrôl,108,
fond,108,
jeun,108,
monnai,108,
pemtr,108,
associ,107,
nou,107,
poter,107,
ÿ,107,
cur,106,
imonadi,106,
insp,106,
institut,106,
l'oper,106,
ministr,106,
renti,106,
scieur,106,
crin,105,
douan,105,
marbr,105,
chausson,104,
fromag,104,
italien,104,
mutuel,104,
plumassi,104,
soc,104,
tout,104,
ustensil,104,
contrôleur,103,
ouvrag,103,
pharmac,103,
bibliothequ,102,
chemin,102,
dramat,102,
farin,102,
l'enregistr,102,
mus,102,
piet,102,
trésor,102,
d'enf,101,
hmonadi,101,
l'acad,101,
l'hôpital,101,
minéral,101,
pair,101,
bourgeois,100,
brocheur,100,
draper,100,
ling,100,
nouvel,100,
porcel,100,
référendair,100,
tabletter,100,
