de,831089,
et,368454,
vin,316599,
en,200762,
fabr,135760,
la,110675,
pour,85476,
à,75542,
du,67090,
épici,58842,
gros,58586,
peintr,57562,
fab,54461,
au,46755,
cour,43677,
sur,43614,
chaussur,40972,
bouch,40684,
artist,37751,
hôtel,37626,
avocat,36659,
a,36580,
architect,35259,
médecin,34277,
tailleur,33989,
coiffeur,32920,
bois,31502,
restaur,31298,
propriétair,30451,
meubl,27665,
bijouti,27572,
r,27431,
mod,25870,
professeur,24745,
mercer,23839,
caf,23597,
directeur,23594,
boutang,22350,
renti,22083,
chef,22023,
le,21270,
tabac,21205,
serruri,20824,
commerc,20629,
ingénieur,20573,
graveur,19530,
ancien,19415,
traiteur,18970,
agent,18892,
linger,18526,
ében,18508,
limonadi,18422,
boulang,18190,
abr,17851,
librair,17669,
pharmacien,17434,
or,17228,
charbon,17081,
medecin,16819,
charcuti,16776,
maison,16718,
papi,16301,
menuisi,16097,
charbonni,16013,
sag,15877,
métal,15694,
voitur,15659,
fer,14798,
commissionnair,14716,
horlog,14420,
dessin,13671,
représent,13657,
bureau,13592,
bronz,13296,
conseil,13265,
teinturi,13249,
fleur,13095,
sculpteur,13094,
confect,12982,
imprimeur,12789,
epici,12763,
tapissi,12638,
fin,12517,
d'appel,12428,
st,12384,
doreur,12285,
beurr,12281,
femm,12252,
mécanicien,12207,
nouveaut,12059,
march,12048,
commiss,11967,
societ,11955,
dentist,11812,
général,11732,
d,11339,
rob,10967,
liqueur,10875,
ta,10835,
tourneur,10823,
commission,10724,
papeti,10676,
propriet,10674,
ct,10665,
couturi,10605,
banqui,10552,
paris,10474,
negt,10358,
herbor,10320,
epict,10315,
déput,10250,
dam,10050,
cordonni,9938,
papeter,9712,
corset,9550,
cuir,9505,
photograph,9431,
dor,9429,
articl,9399,
musiqu,9354,
peintur,9327,
botti,9136,
vitri,9024,
broder,8839,
inspecteur,8808,
chapeau,8685,
épicer,8581,
vern,8581,
cartonnag,8531,
art,8527,
couleur,8282,
franc,8243,
e,8100,
uin,8067,
c,7963,
homm,7947,
hortog,7937,
fruiti,7830,
statuair,7749,
lettr,7725,
comestibl,7723,
paraplui,7713,
minister,7563,
/,7523,
anc,7416,
instanc,7285,
bot,7254,
civil,7253,
fleurist,7250,
ci,7230,
produit,7213,
bouton,7178,
ingenieur,7152,
entrepreneur,7119,
fabriqu,7101,
plum,7023,
crémi,7012,
épict,6909,
courti,6900,
grand,6880,
“,6851,
grain,6815,
chemin,6757,
aux,6717,
plombi,6685,
dentel,6647,
pianos,6580,
sous,6480,
bonneter,6465,
re,6425,
maçon,6400,
gaz,6388,
marbri,6360,
avou,6341,
marchand,6330,
menuist,6319,
expert,6315,
fournitur,6271,
passementer,6241,
represent,6202,
eau,6168,
s,6139,
public,6099,
cristal,6064,
négoci,6059,
min,6042,
entrepr,6027,
porcelain,6021,
institu,6005,
liquor,5990,
peint,5967,
d'etat,5958,
manufactur,5941,
fumist,5930,
notair,5903,
directric,5881,
cuivr,5826,
blanchisser,5803,
plac,5792,
brasser,5787,
couturier,5754,
tissus,5672,
verr,5672,
que,5647,
œuf,5629,
lithograph,5609,
chapeli,5599,
soi,5598,
1re,5591,
receveur,5564,
tribunal,5560,
bijouter,5550,
commissair,5539,
com,5531,
machin,5480,
jouet,5458,
jug,5449,
pont,5434,
docteur,5419,
proprietair,5413,
port,5336,
piano,5325,
el,5324,
artict,5303,
secrétair,5274,
constructeur,5268,
traval,5255,
vent,5218,
peau,5209,
chimiqu,5169,
éditeur,5122,
sein,5113,
transport,5090,
comm,5084,
macon,5083,
rin,5054,
administr,5052,
tous,5031,
direct,5030,
loueur,4998,
con,4997,
relieur,4996,
agenc,4981,
couteur,4972,
lain,4965,
—,4951,
propr,4945,
bât,4943,
brocanteur,4860,
dégraisseur,4824,
toil,4780,
compt,4766,
bain,4761,
profess,4752,
spécial,4741,
1,4712,
ger,4700,
pres,4697,
te,4683,
facteur,4624,
joailli,4615,
hotel,4592,
vi,4580,
tonneli,4552,
vitrer,4532,
nourrisseur,4523,
passementi,4514,
distill,4491,
arrond,4488,
d'affair,4460,
o,4420,
mar,4419,
ameubl,4381,
pierr,4381,
mécan,4366,
repr,4361,
corroyeur,4350,
couron,4344,
chauss,4265,
gant,4245,
opticien,4174,
fondeur,4127,
confiseur,4115,
dépôt,4089,
fond,4088,
sénateur,4084,
voyag,4060,
fill,4055,
par,4035,
selli,4030,
argent,4016,
conserv,4009,
anglais,4003,
ciseleur,3982,
fromag,3971,
col,3969,
casquet,3959,
chemis,3943,
chaudronni,3936,
entrepren,3934,
',3928,
mercert,3923,
peign,3909,
journal,3908,
notet,3902,
jeun,3901,
vérif,3894,
ri,3893,
tion,3881,
hôtet,3862,
quincailler,3862,
marchandis,3832,
cabinet,3820,
ment,3809,
mecanicien,3808,
patissi,3807,
genr,3804,
me,3791,
ferblanti,3782,
pâtissi,3782,
teintur,3774,
d'art,3770,
bercy,3766,
ef,3765,
banqu,3757,
bras,3753,
paill,3749,
compagn,3714,
dc,3698,
bijoux,3685,
terr,3675,
publiqu,3671,
l'écol,3669,
proprictair,3665,
chang,3662,
décor,3653,
soier,3634,
deuil,3608,
layeti,3608,
metal,3606,
charcutt,3591,
d'appet,3582,
ménag,3567,
papet,3561,
impérial,3558,
parfumeur,3551,
gen,3543,
mair,3536,
crémer,3535,
honorair,3523,
p,3507,
vieux,3487,
militair,3456,
appareil,3442,
ruban,3419,
bijoutt,3417,
aor,3407,
bijout,3403,
comptabl,3399,
g,3395,
générat,3384,
bat,3374,
enfant,3374,
curios,3367,
�,3349,
sieg,3337,
fruit,3311,
chemisi,3310,
amp,3308,
lampist,3304,
parfumer,3301,
&,3291,
adjoint,3291,
hotet,3284,
fil,3278,
ce,3265,
huissi,3258,
couvreur,3245,
caoutchouc,3240,
cremi,3236,
ne,3225,
charron,3219,
entrepôt,3215,
détail,3212,
tableau,3197,
farin,3190,
deput,3180,
financ,3175,
fourn,3167,
naturel,3165,
huil,3159,
d'assur,3146,
cheval,3143,
l'ecol,3137,
n,3136,
douc,3130,
anonym,3114,
fantais,3108,
cadr,3102,
d'instru,3100,
nord,3097,
â,3092,
teur,3086,
cann,3059,
m,3056,
taill,3056,
lyc,3014,
emballeur,3012,
nortog,3009,
instrument,2997,
post,2996,
co,2973,
liter,2970,
lamp,2968,
écol,2960,
quincailli,2950,
membr,2936,
monteur,2935,
manteau,2929,
sac,2912,
français,2905,
cravat,2895,
chirurgien,2894,
président,2883,
cur,2874,
contribu,2860,
coton,2856,
magasin,2855,
contr,2826,
mont,2809,
orfevr,2804,
ste,2800,
serrurt,2795,
d'or,2794,
confection,2781,
coudr,2774,
communal,2765,
ma,2764,
objet,2763,
polic,2740,
porcetain,2721,
vill,2716,
bazar,2713,
imprim,2712,
drap,2705,
se,2698,
pharmacten,2693,
eben,2681,
ministr,2674,
diam,2671,
bandag,2654,
tableti,2650,
cart,2648,
nettoyag,2647,
caiss,2643,
merc,2640,
verrer,2637,
sciag,2634,
graineti,2629,
blanchiss,2627,
merci,2624,
semm,2622,
proprictatr,2619,
étoff,2612,
retrait,2606,
lavoir,2597,
marin,2592,
che,2584,
imp,2577,
crépin,2568,
chiffon,2554,
lectur,2554,
bouteil,2551,
tapis,2550,
locat,2546,
ar,2542,
f,2526,
tur,2526,
tabl,2525,
draper,2521,
pension,2521,
vottur,2513,
central,2492,
national,2489,
imper,2484,
ingenteur,2483,
fourrag,2478,
av,2472,
bier,2465,
bouchon,2460,
couvertur,2447,
couteli,2445,
tratteur,2445,
paix,2442,
contenti,2432,
ferr,2431,
fabric,2429,
cassat,2427,
timbr,2418,
horticulteur,2417,
typograph,2408,
pro,2400,
rent,2399,
an,2398,
entrep,2396,
nc,2396,
forg,2387,
chambr,2386,
t,2384,
châl,2382,
chimist,2377,
outil,2363,
tailteur,2357,
achat,2354,
assur,2352,
tapisst,2348,
chais,2344,
v,2334,
priseur,2315,
aci,2311,
gard,2305,
nal,2289,
spiritu,2285,
!,2283,
horloger,2267,
coifeur,2249,
construct,2230,
°,2226,
vtn,2220,
fieur,2219,
bross,2217,
étranger,2210,
lou,2204,
in,2199,
servic,2198,
matson,2197,
divis,2193,
tapisser,2190,
neg,2188,
pa,2187,
proprietatr,2183,
feur,2182,
vitr,2181,
ac,2175,
prof,2173,
vernisseur,2171,
cir,2169,
maçonner,2158,
justic,2156,
comptoir,2154,
d'enf,2146,
epicer,2140,
export,2138,
gaini,2135,
sculpt,2132,
laiqu,2109,
industriel,2107,
van,2105,
fteur,2099,
plumassi,2095,
lim,2092,
faienc,2085,
pre,2080,
greffi,2079,
bours,2077,
haut,2071,
paraptui,2068,
cremer,2065,
auditeur,2064,
garçon,2056,
ter,2056,
pendul,2053,
l'entrepôt,2052,
grav,2049,
estampeur,2047,
l,2047,
ustensil,2045,
maritim,2037,
vic,2024,
miroiti,2017,
boucher,2012,
lapidair,2009,
registr,2007,
arocat,2000,
parur,1999,
ornement,1998,
pharmac,1990,
supérieur,1984,
spec,1978,
monnai,1977,
paraptut,1977,
pomp,1975,
sertisseur,1975,
petit,1969,
glac,1962,
plomber,1949,
qros,1946,
électr,1943,
„,1939,
prop,1937,
imit,1932,
etc,1921,
facult,1921,
externat,1920,
perl,1914,
préfectur,1914,
chant,1906,
apprêteur,1896,
estamp,1894,
lit,1893,
maroquiner,1881,
charpent,1879,
vanni,1878,
orneman,1876,
maréchal,1874,
pal,1873,
pass,1862,
carton,1856,
lithogr,1853,
droit,1852,
leur,1852,
usin,1847,
lyon,1840,
attach,1837,
cremt,1832,
bon,1827,
med,1822,
fourrur,1820,
futaill,1808,
tonneti,1804,
serrurer,1802,
argenteur,1798,
charpenti,1794,
bouillon,1788,
proprict,1783,
encadr,1777,
tout,1777,
pensionnat,1774,
premi,1773,
chass,1772,
municipal,1771,
brosser,1765,
cartonni,1765,
déménag,1762,
maitr,1760,
ser,1758,
nécessair,1751,
fort,1744,
ressort,1741,
vn,1737,
charb,1729,
statuatr,1729,
propriétatr,1727,
negoci,1721,
carrossi,1718,
brevet,1715,
cheveux,1705,
major,1697,
guerr,1696,
teint,1692,
d'eau,1689,
di,1689,
feutr,1689,
fourreur,1679,
pip,1678,
bar,1671,
pas,1668,
chapeti,1649,
constr,1649,
feuillag,1649,
ge,1649,
tull,1648,
cot,1646,
loir,1645,
jour,1643,
chocolat,1636,
mesur,1636,
do,1632,
colleg,1627,
mi,1623,
notel,1608,
medectn,1604,
capitain,1603,
four,1602,
chemist,1593,
ca,1592,
l'institut,1591,
mé,1590,
den,1584,
consul,1582,
pol,1582,
stor,1579,
commercial,1578,
tripi,1578,
changeur,1576,
blanc,1573,
ling,1569,
hall,1565,
l'écot,1565,
savon,1557,
brossi,1556,
poter,1556,
i,1555,
tre,1553,
fruiter,1547,
embatteur,1545,
scienc,1538,
émailleur,1532,
manch,1530,
dorur,1527,
bibliothequ,1525,
fripi,1522,
fourneau,1521,
contrôleur,1517,
famill,1517,
piet,1515,
poudr,1511,
2,1508,
d'appareil,1508,
langu,1503,
colonel,1502,
bou,1493,
sold,1493,
degraisseur,1489,
boul,1484,
briqu,1481,
patisst,1479,
affair,1470,
coi,1470,
associ,1469,
fonder,1467,
chauffag,1465,
chapeller,1463,
rentt,1461,
billard,1460,
sion,1460,
économ,1459,
generat,1456,
compositeur,1455,
reconnaiss,1454,
référendair,1453,
«,1445,
d'horloger,1439,
impress,1439,
couturter,1431,
mědecin,1430,
vélociped,1428,
arbitr,1427,
sucr,1425,
apprêt,1423,
son,1419,
ae,1416,
métall,1416,
cocnist,1414,
demoisel,1413,
volaill,1410,
verif,1408,
chirurg,1407,
glaci,1407,
vapeur,1407,
vétérinair,1404,
tavoir,1400,
menag,1394,
lantern,1392,
utn,1387,
coutur,1385,
d'état,1385,
sec,1385,
acier,1379,
general,1378,
toilet,1373,
timonadi,1371,
form,1369,
droguer,1368,
principal,1362,
équip,1360,
ch,1359,
serrur,1357,
garcon,1355,
chaus,1351,
tribunat,1350,
font,1347,
conseilt,1345,
répar,1344,
vis,1344,
brut,1343,
découpeur,1341,
mer,1341,
graiss,1331,
marchan,1328,
pert,1322,
poup,1320,
chandis,1319,
dessinat,1318,
pel,1318,
3,1317,
manuf,1316,
gar,1315,
seller,1315,
habill,1313,
repousseur,1313,
emploi,1310,
pet,1308,
protest,1306,
scier,1303,
arust,1302,
ingen,1298,
fauteuil,1297,
cred,1295,
montr,1294,
nacr,1293,
chapet,1292,
coll,1291,
maîtr,1290,
livr,1284,
menuiser,1283,
d'histoir,1278,
senateur,1277,
commisston,1276,
peaussi,1275,
auf,1263,
jupon,1263,
li,1262,
élast,1260,
faor,1254,
main,1253,
u,1253,
brocheur,1252,
airecteur,1250,
dis,1250,
plaqu,1248,
alimentair,1247,
appart,1245,
noir,1244,
bas,1243,
commisstonnair,1241,
pasteur,1237,
ciment,1233,
façon,1233,
communat,1231,
epicert,1226,
jabr,1225,
jardini,1225,
cí,1223,
cav,1222,
parisien,1221,
fa,1216,
char,1215,
coufeur,1212,
sant,1209,
sin,1207,
doubl,1206,
garnisseur,1206,
corn,1205,
entrepot,1203,
ceintur,1201,
dorcur,1201,
archit,1200,
armuri,1200,
ecol,1198,
per,1198,
cpict,1197,
cit,1194,
cha,1192,
tair,1192,
nair,1191,
robinet,1191,
negoct,1190,
bott,1189,
taileur,1189,
établ,1188,
ganter,1188,
comp,1186,
polisseur,1184,
bretel,1183,
chim,1181,
merceric,1181,
ficur,1174,
ouvr,1173,
press,1172,
d'aci,1170,
voi,1162,
ouf,1161,
vicair,1160,
encre,1155,
institutric,1154,
primeur,1151,
cou,1147,
rédacteur,1146,
d'ap,1145,
ler,1142,
class,1134,
commu,1134,
blanch,1133,
tress,1133,
antiqu,1131,
conservatoir,1131,
si,1131,
marbr,1130,
typogr,1130,
préfet,1129,
mus,1128,
commissionnatr,1127,
portefeuill,1127,
poisson,1125,
camionnag,1120,
h,1120,
précis,1118,
scin,1117,
dé,1111,
zinc,1111,
nou,1110,
géneral,1109,
jouct,1109,
charoon,1108,
na,1108,
pât,1108,
couvert,1107,
caissi,1106,
harnacheur,1105,
pat,1104,
ru,1099,
sall,1096,
cordon,1094,
confectionneur,1093,
instituteur,1091,
droguist,1090,
moutur,1086,
archiv,1085,
retieur,1085,
boit,1084,
fteurist,1081,
ingenicur,1081,
zingueur,1080,
cordi,1077,
mati,1077,
gravur,1075,
minéral,1075,
laiter,1074,
atrecteur,1073,
jardin,1073,
modist,1073,
da,1072,
1a,1069,
bourreli,1067,
vanner,1067,
bâtim,1065,
d'occas,1062,
parquet,1061,
lainag,1057,
tanneur,1055,
acheteur,1053,
royal,1053,
recouvr,1052,
papetert,1051,
religion,1051,
ve,1051,
mat,1050,
tampist,1050,
commisstonnatr,1049,
er,1049,
part,1048,
j,1046,
ver,1046,
fieurist,1044,
graph,1043,
ral,1043,
optiqu,1042,
l'enregistr,1037,
acter,1034,
orfevrer,1034,
tri,1034,
the,1032,
coupeur,1031,
mecanicten,1031,
dent,1030,
mu,1029,
cirag,1025,
manu,1022,
funérair,1021,
artificiel,1020,
failleur,1019,
rôtisseur,1018,
cl,1015,
tour,1015,
cor,1014,
légat,1013,
sommi,1013,
1er,1012,
burcau,1008,
cin,1007,
ciseteur,1007,
bimbeloter,1006,
dramat,1005,
fruitt,1004,
crin,1001,
